track,category,prompt_hash,pre_finetune,finetuned
Spur 1 (open source),general,d675e123,`HuggingFaceTB_SmolLM3-3B-GGUF:Q4_K_M` @N02-M60-02,`smollm3-expert-omni-3b:Q4_K_M` @N02-M60-02
Spur 1 (open source),security,0e981d9d,`HuggingFaceTB_SmolLM3-3B-GGUF:Q4_K_M` @N02-M60-03,`smollm3-expert-security-3b:Q4_K_M` @N02-M60-03
Spur 1 (open source),research,85289ded,`HuggingFaceTB_SmolLM3-3B-GGUF:Q4_K_M` @N02-M60-04,`smollm3-expert-research-3b:Q4_K_M` @N02-M60-04
Spur 1 (open source),governance,8ff953dd,`HuggingFaceTB_SmolLM3-3B-GGUF:Q4_K_M` @N02-M60-05,`smollm3-expert-governance-3b:Q4_K_M` @N02-M60-05
Spur 1 (open source),compounding_knowledge,2dcc7cc8,`HuggingFaceTB_SmolLM3-3B-GGUF:Q4_K_M` @N02-M60-06,`smollm3-expert-graphrag-3b:Q4_K_M` @N02-M60-06
Spur 1 (open source),precision_tools,915b98f7,`HuggingFaceTB_SmolLM3-3B-GGUF:Q4_K_M` @N02-M60-07,`smollm3-expert-precision-3b:Q4_K_M` @N02-M60-07
Spur 1 (open source),data_analyst,64567ed0,`HuggingFaceTB_SmolLM3-3B-GGUF:Q4_K_M` @N02-M60-08,`smollm3-expert-datainfra-3b:Q4_K_M` @N02-M60-08
Spur 1 (open source),code_reviewer,1c1872c1,`HuggingFaceTB_SmolLM3-3B-GGUF:Q4_K_M` @N02-M60-09,`smollm3-expert-coder-3b:Q4_K_M` @N02-M60-09
Spur 2 (open weight),general,d675e123,`qwen3.5:4b` @N04-TM10-01,`moe-expert-omni-4b:Q4_K_M` @N04-TM10-01
Spur 2 (open weight),research,85289ded,`qwen3.5:4b` @N04-TM10-01,`moe-expert-research-4b:Q4_K_M` @N04-TM10-01
Spur 2 (open weight),security,0e981d9d,`qwen3.5:4b` @N04-TM10-01,`moe-expert-security-4b:Q4_K_M` @N04-TM10-01
Spur 2 (open weight),governance,8ff953dd,`qwen3.5:4b` @N04-TM10-01,`moe-expert-governance-4b:Q4_K_M` @N04-TM10-01
Spur 2 (open weight),data_analyst,64567ed0,`qwen3.5:4b` @N04-TM10-02,`moe-expert-datainfra-4b:Q4_K_M` @N04-TM10-02
Spur 2 (open weight),code_reviewer,1c1872c1,`qwen3.5:4b` @N04-TM10-01,`moe-expert-coder-4b:Q4_K_M` @N04-TM10-01
Spur 2 (open weight),precision_tools,915b98f7,`qwen3.5:4b` @N04-TM10-02,`moe-expert-precision-4b:Q4_K_M` @N04-TM10-02
Spur 2 (open weight),compounding_knowledge,2dcc7cc8,`qwen3.5:4b` @N04-TM10-01,`moe-expert-graphrag-4b:Q4_K_M` @N04-TM10-01
